batchsize,train_loss,train_accuracy,test_loss,test_accuracy
16,0.5675290021128124,80.52,0.9335802641104568,67.79333333333334
16,0.5734272649102741,80.2388888888889,0.9362504651600664,67.43777777777778
16,0.5257656986316045,81.82444444444444,0.9345763105560433,68.22888888888889
32,0.5024721701290105,82.11222222222223,0.9186296070163901,68.85222222222222
32,0.548463897559086,80.28333333333333,0.934563064778393,68.10777777777778
32,0.5552821232464829,80.05,0.9586149078201164,67.65333333333334
64,0.522189316380168,81.24333333333334,0.9526604099029844,68.23444444444445
64,0.5450186102671579,80.67111111111112,0.929693566127257,68.07
64,0.6205751167473932,77.95,0.9820650511167266,66.36
