learning_rate,train_loss,train_accuracy,test_loss,test_accuracy
0.0001,0.6174776566609174, 78.45777777777778,0.9226954457434741, 67.06222222222222
0.0001,0.6264162249214235, 77.95666666666666,0.9350852780044079, 66.97111111111111
0.0001,0.6606460507340673, 76.5988888888889,0.9667076356709003, 66.35888888888888
0.001,0.5413631414004674, 80.83111111111111,0.9437384906817566, 67.63444444444444
0.001,0.5364965057133612, 81.15333333333334,0.929356153038415, 67.92555555555556
0.001,0.5197204344989014, 81.78555555555556,0.9383913353085518, 68.23555555555555
0.01,1.1379431829603381, 58.285555555555554,1.220467603003437, 55.49444444444445
0.01,1.1967599057786795, 55.196666666666665,1.30239999294281, 52.52444444444444
0.01,1.114240044933852, 60.21222222222222,1.1979184807701544, 57.18222222222222
